Generation,Average,Best,Samples
0,368.216666667,1735.0,30
1,1330.18333333,2650.0,30
2,1569.70833333,2637.5,24
3,1519.8125,2578.125,16
4,1481.3,2660.0,5
5,1741.5,2666.66666667,3
