Generation,Orientation Variance,Velocity Variance
1,0.049455533273761,0.00203514549932143
