Generation,Orientation Variance,Velocity Variance
1,0.161192395083355,0.158551028110758
2,0.0944097656052056,0.0414366127936543
3,0.0742850754479163,0.0335374167964074
4,0.0675821582037662,0.0281768741285932
