Generation,Orientation Variance,Velocity Variance
1,0.124974888426113,0.0762237511366512
