Generation,Orientation Variance,Velocity Variance
1,0.114847385647877,0.0548103462204787
