Generation,Orientation Variance,Velocity Variance
1,0.0700052287283654,0.00713952112418374
