Generation,Orientation Variance,Velocity Variance
1,0.0961650363688905,0.0478973208741793
2,0.0688620716610572,0.0353841105957492
3,0.06241489242762,0.0193989543480196
