Generation,Orientation Variance,Velocity Variance
1,0.173619414011201,0.146246806485698
2,0.126302949351426,0.073014475924511
