Generation,Orientation Variance,Velocity Variance
1,0.152893489728609,0.156932732205691
2,0.113623587199594,0.0480877532407191
