Generation,Orientation Variance,Velocity Variance
1,0.157018722850608,0.147897419264795
2,0.142459764302095,0.0817907557979702
3,0.113201959344741,0.0583255230543854
4,0.146870857139676,0.0325302492676301
