Generation,Orientation Variance,Velocity Variance
1,0.103436056120087,0.0273542227919853
2,0.0757318230158622,0.00346557364586068
3,0.0588606597000756,0.00179089487545233
4,0.0663087373044142,0.00221889593036786
5,0.0603999773715775,0.00246771011342522
6,0.0574028274833904,0.00144519914301334
7,0.0535201693834007,0.00381958968223801
8,0.056282631260889,0.0024816416255373
9,0.0614678514767135,0.00191865907059415
10,0.0495772301938012,0.00196953837877595
