Generation,Orientation Variance,Velocity Variance
1,0.0954817349173566,0.021557131322529
2,0.0458451755031905,0.0030073296815117
