Generation,Orientation Variance,Velocity Variance
1,0.124231981875836,0.0442358689773427
2,0.0752274368109846,0.0360683595457535
3,0.0503736271883164,0.0277301738655967
4,0.0428159966197151,0.0247749038835685
