Generation,Orientation Variance,Velocity Variance
1,0.145858659706847,0.0729169852549171
2,0.111081224184868,0.0541387311234872
3,0.151650023803111,0.0327158065333911
