Generation,Orientation Variance,Velocity Variance
0,0.163467988243426,0.170442105180155
1,0.125439094286994,0.0542579192264743
2,0.116759869938068,0.0260804679047376
3,0.113902945517527,0.0349420645545842
