Generation,Orientation Variance,Velocity Variance
0,0.165875613189949,0.166166124957398
1,0.105944691407527,0.0809260711156874
2,0.0849419101634804,0.0524800519404476
3,0.0718910693570329,0.0455788013884047
4,0.0964019424965495,0.0454382179680268
5,0.0941929573858251,0.047139557234936
6,0.0562751097402541,0.0146553921261138
