Generation,Orientation Variance,Velocity Variance
1,0.16548681603566,0.171946157425477
2,0.129939382593219,0.064848231235475
3,0.116226246824865,0.0322001658660169
4,0.111648541971719,0.0277204667035407
