Generation,Orientation Variance,Velocity Variance
1,0.163569363616637,0.17168809559605
2,0.122209185379453,0.0796204099754002
3,0.12003792761166,0.0542979308058882
4,0.124766311334944,0.0587210460625113
5,0.0566103762829029,0.0233179818754454
6,0.0499209678872664,0.0276113002744728
