Generation,Orientation Variance,Velocity Variance
1,0.160879927453471,0.158665965490325
2,0.137896976254985,0.0777956195277835
3,0.11691076750781,0.0489838110026112
4,0.116119728960952,0.0597592087250321
