Generation,Orientation Variance,Velocity Variance
0,0.161623852773105,0.160352425940592
1,0.137141788381692,0.0871986988001145
2,0.116198044324135,0.0485952320972367
3,0.1158821724874,0.064341679028884
