Generation,Orientation Variance,Velocity Variance
1,0.164936141538435,0.167228230859766
2,0.154551997188901,0.0572007661687041
3,0.121909717088003,0.0476695653162774
4,0.0911115298404759,0.0414103387348616
5,0.0513172438917556,0.0253523843023233
