Generation,Orientation Variance,Velocity Variance
0,0.167916191680196,0.167814715636105
1,0.157122171231345,0.0616905361790112
2,0.12516884546766,0.0546161409438444
3,0.100815693939481,0.0386030225154301
4,0.0511258922663805,0.038430932890746
5,0.0392674955158346,0.0180539213376254
