Generation,Orientation Variance,Velocity Variance
1,0.166004950867186,0.164401541303996
2,0.159543109146079,0.131034265173922
3,0.120875025403351,0.124114112603174
4,0.0984290987148226,0.0813220061492893
5,0.0891670029770517,0.0675513343933271
